{"cameraMode":{"drawMode":0,"name":"Shaded","section":"Shading Mode"},"sceneLighting":true,"audioPlay":false,"sceneViewState":{"m_AlwaysRefresh":false,"showFog":true,"showSkybox":true,"showFlares":true,"showImageEffects":true,"showParticleSystems":true,"showVisualEffectGraphs":true,"m_FxEnabled":true},"in2DMode":false,"pivot":{"x":-4.516204833984375,"y":-7.863140106201172,"z":11.353899002075196},"rotation":{"x":-0.30244094133377077,"y":0.28622978925704958,"z":-0.09574644267559052,"w":-0.9041305184364319},"size":18.184505462646486,"orthographic":false}